{"classifier": "SVC", "kernel": "rbf", "C": -0.3044570273450813, "gamma": -4.045138251369598, "degree": null, "coef0": null, "nu": 0.5, "max_iter": 1000, "log": true, "fold Accy": [0.058502799882110226, 0.058502799882110226, 0.058494180050095775, 0.05864152055400029, 0.058494180050095775, 0.058502799882110226, 0.05864152055400029, 0.058494180050095775, 0.058502799882110226, 0.05863288155568651], "avg Accy": 0.05854096623424153, "std Accy": 6.408142599960848e-05, "fold Recall": [1.0, 1.0, 1.0, 1.0, 1.0, 1.0, 1.0, 1.0, 1.0, 1.0], "avg Recall": 1.0, "std Recall": 0.0, "fold Prec": [0.058502799882110226, 0.058502799882110226, 0.058494180050095775, 0.05864152055400029, 0.058494180050095775, 0.058502799882110226, 0.05864152055400029, 0.058494180050095775, 0.058502799882110226, 0.05863288155568651], "avg Prec": 0.05854096623424153, "std Prec": 6.408142599960848e-05, "fold Spec": [0.0, 0.0, 0.0, 0.0, 0.0, 0.0, 0.0, 0.0, 0.0, 0.0], "avg Spec": 0.0, "std Spec": 0.0, "fold Npv": [NaN, NaN, NaN, NaN, NaN, NaN, NaN, NaN, NaN, NaN], "avg Npv": NaN, "std Npv": NaN, "fold F1sc": [0.11053877210079355, 0.11053877210079355, 0.11052338530066816, 0.11078636047320807, 0.11052338530066816, 0.11053877210079355, 0.11078636047320807, 0.11052338530066816, 0.11053877210079355, 0.11077094350125244], "avg F1sc": 0.11060689087528472, "std F1sc": 0.00011437313931744876, "fold AUROC": [0.4928563064744861, 0.5208239287219494, 0.4471064281012129, 0.46618638662084877, 0.5379367162955342, 0.46197435532497805, 0.5984186073582815, 0.5968523708723091, 0.6126812732684049, 0.4432605122639802], "avg AUROC": 0.5178096885301985, "std AUROC": 0.0625476583376612, "confusion matrix": [[[[0, 57505], [0, 3576]], [[0, 6389], [0, 397]]], [[[0, 57505], [0, 3576]], [[0, 6389], [0, 397]]], [[[0, 57504], [0, 3576]], [[0, 6390], [0, 397]]], [[[0, 57505], [0, 3575]], [[0, 6389], [0, 398]]], [[[0, 57504], [0, 3576]], [[0, 6390], [0, 397]]], [[[0, 57505], [0, 3576]], [[0, 6389], [0, 397]]], [[[0, 57505], [0, 3575]], [[0, 6389], [0, 398]]], [[[0, 57504], [0, 3576]], [[0, 6390], [0, 397]]], [[[0, 57505], [0, 3576]], [[0, 6389], [0, 397]]], [[[0, 57504], [0, 3575]], [[0, 6390], [0, 398]]]], "input": "data/RBP_eclip/mRNA/train/mRNA230719___has_RBPeclip___Kmer_k3__DACC_lag2__SC-PseDNC-General_all_index.npy", "label": "data/RBP_eclip/mRNA/train/mRNA230719___AKAP1.npy", "method": "svm", "normalize": false, "fold": 10, "performance_value": "my_perf_val", "num_evals": 512, "pmap": 8, "timeout": 300}