{"classifier": "SVC", "kernel": "linear", "C": 5.795344674779495, "gamma": null, "degree": null, "coef0": null, "nu": 0.5, "max_iter": 1000, "log": true, "fold Accy": [0.1781609195402299, 0.562481579722959, 0.1810814792986592, 0.38986297333136877, 0.2068660674819508, 0.23931623931623933, 0.20303521438043318, 0.11728304110800059, 0.1329207191276157, 0.2454331172657631], "avg Accy": 0.24564413505732197, "std Accy": 0.12745581388402022, "fold Recall": [0.9183673469387755, 0.5346938775510204, 0.8089430894308943, 0.8204081632653061, 0.8821138211382114, 0.7673469387755102, 0.9387755102040817, 0.9105691056910569, 0.8693877551020408, 0.8902439024390244], "avg Recall": 0.8340849510535921, "std Recall": 0.11203949946510326, "fold Prec": [0.03891387063299896, 0.04387139986604153, 0.034851138353765326, 0.04676593764541647, 0.03895171423442829, 0.035518609484224445, 0.040896159317211946, 0.036169869207169386, 0.03511953833470734, 0.041211893112532934], "avg Prec": 0.03922701301884966, "std Prec": 0.003800307514713697, "fold Spec": [0.15043571319370128, 0.5635223971869745, 0.1574682770218621, 0.37373891776215223, 0.18147072313101972, 0.219538296896499, 0.17548150412717822, 0.08744840238495642, 0.10533557560006115, 0.22118618159584225], "avg Spec": 0.22356259889002467, "std Spec": 0.13581298007678191, "fold Npv": [0.9800796812749004, 0.97, 0.9563602599814299, 0.9823222177581358, 0.9761513157894737, 0.9618218352310783, 0.9871023215821152, 0.9629629629629629, 0.955617198335645, 0.9816824966078698], "avg Npv": 0.9714100289523611, "std Npv": 0.010998517108178486, "fold F1sc": [0.0746640119462419, 0.08108944599195296, 0.06682337139019477, 0.08848778340303763, 0.07460890493381468, 0.0678945467677862, 0.07837791787357301, 0.06957602112129213, 0.06751188589540412, 0.07877697841726619], "avg F1sc": 0.07478108677405634, "std F1sc": 0.00668805115738045, "fold AUROC": [0.6175321129827868, 0.5774177948201142, 0.4956521901253258, 0.6621085731755252, 0.5749630535595984, 0.4850116533389077, 0.6405954616637239, 0.48240988983808203, 0.5265505804829194, 0.5986732383373972], "avg AUROC": 0.5660914548324382, "std AUROC": 0.06227884753635211, "confusion matrix": [[[[9121, 49751], [251, 1958]], [[984, 5557], [20, 225]]], [[[33199, 25673], [983, 1226]], [[3686, 2855], [114, 131]]], [[[9335, 49537], [372, 1836]], [[1030, 5511], [47, 199]]], [[[22148, 36723], [507, 1702]], [[2445, 4097], [44, 201]]], [[[10285, 48587], [262, 1946]], [[1187, 5354], [29, 217]]], [[[12952, 45920], [453, 1756]], [[1436, 5105], [57, 188]]], [[[10436, 48435], [190, 2019]], [[1148, 5394], [15, 230]]], [[[5323, 53549], [279, 1929]], [[572, 5969], [22, 224]]], [[[6441, 52431], [310, 1899]], [[689, 5852], [32, 213]]], [[[12907, 45964], [374, 1834]], [[1447, 5095], [27, 219]]]], "input": "data/RBP_eclip/mRNA/train/mRNA230719___has_RBPeclip___Kmer_k3__DACC_lag2__SC-PseDNC-General_all_index.npy", "label": "data/RBP_eclip/mRNA/train/mRNA230719___APOBEC3C.npy", "method": "svm", "normalize": false, "fold": 10, "performance_value": "my_perf_val", "num_evals": 512, "pmap": 8, "timeout": 300}