{"classifier": "SVC", "kernel": "poly", "C": 5.9625811109688005, "gamma": 2.144325173186543, "degree": 5.488629491969912, "coef0": -0.8516378021837001, "nu": 0.5, "max_iter": 1000, "log": true, "fold Accy": [0.9857058650162098, 0.9649329600707235, 0.9802534630120837, 0.9870340356564019, 0.955208486813025, 0.9938107869142352, 0.9812877560041255, 0.9528440907751252, 0.949904228672462, 0.9848261638185032], "avg Accy": 0.9735807836752896, "std Accy": 0.015396613583324106, "fold Recall": [0.5714285714285714, 0.8571428571428571, 1.0, 0.7142857142857143, 0.42857142857142855, 0.7142857142857143, 1.0, 0.7142857142857143, 0.8571428571428571, 1.0], "avg Recall": 0.7857142857142857, "std Recall": 0.183503322552359, "fold Prec": [0.04081632653061224, 0.024691358024691357, 0.04964539007092199, 0.054945054945054944, 0.009900990099009901, 0.1111111111111111, 0.05223880597014925, 0.015479876160990712, 0.017391304347826087, 0.07207207207207207], "avg Prec": 0.04482922893324397, "std Prec": 0.02927751850035744, "fold Spec": [0.986133648030683, 0.9650442477876107, 0.9802330727245906, 0.987315634218289, 0.9557522123893806, 0.9940994246939077, 0.9812684365781711, 0.9530904263165658, 0.95, 0.9848082595870207], "avg Spec": 0.9737745362326219, "std Spec": 0.01537175144954583, "fold Npv": [0.9995514354066986, 0.9998471882640587, 1.0, 0.9997013142174432, 0.999383096853794, 0.999703308114523, 1.0, 0.9996905461859817, 0.999844768705371, 1.0], "avg Npv": 0.9997721657747871, "std Npv": 0.0001957407623547153, "fold F1sc": [0.07619047619047617, 0.048, 0.0945945945945946, 0.1020408163265306, 0.01935483870967742, 0.19230769230769232, 0.09929078014184396, 0.030303030303030304, 0.03409090909090909, 0.13445378151260504], "avg F1sc": 0.08306269191773594, "std F1sc": 0.05084205612838531, "fold AUROC": [0.7991697047604999, 0.9738938053097345, 0.9958274503192632, 0.9643278550358196, 0.6632321955330804, 0.8573325184919816, 0.9988832701222081, 0.8447095020335911, 0.9906447534766119, 0.9996865781710915], "avg AUROC": 0.9087707633253883, "std AUROC": 0.10818830152211131, "confusion matrix": [[[[60173, 844], [2, 62]], [[6685, 94], [3, 4]]], [[[58851, 2165], [4, 60]], [[6543, 237], [1, 6]]], [[[60028, 989], [3, 61]], [[6645, 134], [0, 7]]], [[[60230, 786], [7, 57]], [[6694, 86], [2, 5]]], [[[58314, 2702], [3, 61]], [[6480, 300], [4, 3]]], [[[60781, 236], [6, 58]], [[6739, 40], [2, 5]]], [[[59879, 1137], [5, 59]], [[6653, 127], [0, 7]]], [[[58381, 2636], [5, 59]], [[6461, 318], [2, 5]]], [[[58078, 2938], [6, 58]], [[6441, 339], [1, 6]]], [[[60188, 828], [8, 55]], [[6677, 103], [0, 8]]]], "input": "data/RBP_eclip/mRNA/train/mRNA230719___has_RBPeclip___Kmer_k3__DACC_lag2__SC-PseDNC-General_all_index.npy", "label": "data/RBP_eclip/mRNA/train/mRNA230719___BCCIP.npy", "method": "svm", "normalize": false, "fold": 10, "performance_value": "my_perf_val", "num_evals": 512, "pmap": 8, "timeout": 300}