{"classifier": "SVC", "kernel": "poly", "C": -0.3270092078691256, "gamma": 0.8979409954550447, "degree": 9.998869892007217, "coef0": 0.5288820540153361, "nu": 0.5, "max_iter": 1000, "log": true, "fold Accy": [0.992779251399941, 0.848828642993959, 0.9991158267020336, 0.9768675408869898, 0.9851186091056432, 0.981727085175361, 0.9758361573596581, 0.9855585027998821, 0.9951377633711507, 0.9748084855627578], "avg Accy": 0.9715777865357376, "std Accy": 0.04167570721978475, "fold Recall": [0.6, 0.8, 0.6, 0.8, 0.6, 0.4, 0.6, 0.8, 0.2, 0.8333333333333334], "avg Recall": 0.6233333333333333, "std Recall": 0.19209372712298547, "fold Prec": [0.06, 0.003887269193391642, 0.42857142857142855, 0.025, 0.029411764705882353, 0.016260162601626018, 0.01818181818181818, 0.039603960396039604, 0.03333333333333333, 0.02857142857142857], "avg Prec": 0.06828211655549483, "std Prec": 0.12093181568994647, "fold Spec": [0.9930688688983925, 0.848864641698614, 0.9994101165019909, 0.9769979357121793, 0.9854025361250368, 0.9821560241852234, 0.9761132409318785, 0.9856953251732783, 0.9957239752285462, 0.9749336478914774], "avg Spec": 0.9718366312346618, "std Spec": 0.04176233641711678, "fold Npv": [0.9997030878859857, 0.9998263285863147, 0.9997049712346954, 0.9998491021578392, 0.999700822737472, 0.9995497523638001, 0.9996979764421625, 0.999850411368736, 0.9994080213112327, 0.999848782700741], "avg Npv": 0.999713925678898, "std Npv": 0.00013743213544333046, "fold F1sc": [0.1090909090909091, 0.007736943907156672, 0.5, 0.04848484848484849, 0.056074766355140186, 0.03125000000000001, 0.03529411764705882, 0.07547169811320754, 0.05714285714285715, 0.05524861878453038], "avg F1sc": 0.09757947595257083, "std F1sc": 0.1365555695995316, "fold AUROC": [0.6726146586049255, 0.9238572692421115, 0.9202182568942633, 0.9363904452963728, 0.808905927455028, 0.6976847072703142, 0.7469478030079623, 0.9350833210440938, 0.5759363019758184, 0.9862380811953209], "avg AUROC": 0.8203876771986209, "std AUROC": 0.13302811543034976, "confusion matrix": [[[[60776, 259], [0, 46]], [[6734, 47], [2, 3]]], [[[51474, 9560], [0, 46]], [[5757, 1025], [1, 4]]], [[[61035, 0], [2, 44]], [[6777, 4], [2, 3]]], [[[59529, 1505], [6, 40]], [[6626, 156], [1, 4]]], [[[60224, 810], [10, 36]], [[6683, 99], [2, 3]]], [[[60241, 794], [4, 42]], [[6660, 121], [3, 2]]], [[[59774, 1260], [2, 44]], [[6620, 162], [2, 3]]], [[[60178, 857], [3, 43]], [[6684, 97], [1, 4]]], [[[60938, 96], [0, 46]], [[6753, 29], [4, 1]]], [[[59619, 1415], [3, 42]], [[6612, 170], [1, 5]]]], "input": "data/RBP_eclip/mRNA/train/mRNA230719___has_RBPeclip___Kmer_k3__DACC_lag2__SC-PseDNC-General_all_index.npy", "label": "data/RBP_eclip/mRNA/train/mRNA230719___AUH.npy", "method": "svm", "normalize": false, "fold": 10, "performance_value": "my_perf_val", "num_evals": 512, "pmap": 8, "timeout": 300}