{"classifier": "SVC", "kernel": "sigmoid", "C": -5.413311298076921, "gamma": -4.100703014159981, "degree": null, "coef0": 3.037253759836992, "nu": 0.5, "max_iter": 1000, "log": true, "fold Accy": [0.4995579133510168, 0.504199204361279, 0.49543177129384025, 0.5102401650213644, 0.49388536908796227, 0.3570060409606601, 0.49543177129384025, 0.4958007956387211, 0.49277925139994105, 0.357100766057749], "avg Accy": 0.47014330484663736, "std Accy": 0.056766917594302385, "fold Recall": [0.7362773421378457, 0.738340899711102, 0.7300866694180768, 0.741642591828312, 0.7627887788778878, 1.0, 0.7379281881964507, 0.751134956665291, 0.7482459760627321, 1.0], "avg Recall": 0.7946445402897698, "std Recall": 0.10304024913582319, "fold Prec": [0.3928650077075534, 0.39579646017699116, 0.389733421458471, 0.39977753058954396, 0.3926523678063283, 0.3570060409606601, 0.39064889665719904, 0.3923259323129985, 0.3903121636167923, 0.357100766057749], "avg Prec": 0.3858218587344286, "std Prec": 0.0146520790337823, "fold Spec": [0.3680953472381389, 0.3741979835013749, 0.36511574604629843, 0.3817598533455545, 0.3444877377950951, 0.0, 0.3607609443043777, 0.35403299725022913, 0.35090534036213616, 0.0], "avg Spec": 0.28993559498432053, "std Spec": 0.1453396361032744, "fold Npv": [0.7153674832962138, 0.7203352448169387, 0.7089452603471295, 0.7268760907504364, 0.7232916265640038, NaN, 0.7125396106835672, 0.7192737430167597, 0.7150864082204578, NaN], "avg Npv": NaN, "std Npv": NaN, "fold F1sc": [0.5123492245835726, 0.5153391905516347, 0.5081873024992818, 0.5195143104943626, 0.5184354409084536, 0.5261672095548316, 0.5108571428571428, 0.5154347210421978, 0.5130164119977363, 0.5262700825010855], "avg F1sc": 0.5165571036990299, "std F1sc": 0.00578358227944224, "fold AUROC": [0.4210457237629036, 0.5, 0.42912628035872513, 0.5821987707173804, 0.5, 0.5815336469587777, 0.430330503126836, 0.5, 0.43197855867668966, 0.4178253082526401], "avg AUROC": 0.4794038791853953, "std AUROC": 0.06054144751960996, "confusion matrix": [[[[14372, 24900], [5647, 16162]], [[1606, 2757], [639, 1784]]], [[[14547, 24724], [5751, 16058]], [[1633, 2731], [634, 1789]]], [[[14302, 24970], [5577, 16232]], [[1593, 2770], [654, 1769]]], [[[14312, 24959], [5657, 16152]], [[1666, 2698], [626, 1797]]], [[[13673, 25599], [5301, 16507]], [[1503, 2860], [575, 1849]]], [[[0, 39271], [0, 21809]], [[0, 4364], [0, 2423]]], [[[14657, 24615], [5774, 16035]], [[1574, 2789], [635, 1788]]], [[[13823, 25448], [5360, 16449]], [[1545, 2819], [603, 1820]]], [[[14111, 25161], [5510, 16299]], [[1531, 2832], [610, 1813]]], [[[0, 39271], [0, 21808]], [[0, 4364], [0, 2424]]]], "input": "data/RBP_eclip/mRNA/train/mRNA230719___has_RBPeclip___Kmer_k3__DACC_lag2__SC-PseDNC-General_all_index.npy", "label": "data/RBP_eclip/mRNA/train/mRNA230719___AQR.npy", "method": "svm", "normalize": false, "fold": 10, "performance_value": "my_perf_val", "num_evals": 512, "pmap": 8, "timeout": 300}