{"classifier": "SVC", "kernel": "sigmoid", "C": 4.789663461538459, "gamma": 6.686208344686083, "degree": null, "coef0": -4.524318183238793, "nu": 0.5, "max_iter": 1000, "log": true, "fold Accy": [0.03713527851458886, 0.03713527851458886, 0.03712980698393988, 0.03727714748784441, 0.03712980698393988, 0.03713527851458886, 0.03727714748784441, 0.03712980698393988, 0.03713527851458886, 0.03727165586328816], "avg Accy": 0.037175648584915205, "std Accy": 6.530297048741624e-05, "fold Recall": [1.0, 1.0, 1.0, 1.0, 1.0, 1.0, 1.0, 1.0, 1.0, 1.0], "avg Recall": 1.0, "std Recall": 0.0, "fold Prec": [0.03713527851458886, 0.03713527851458886, 0.03712980698393988, 0.03727714748784441, 0.03712980698393988, 0.03713527851458886, 0.03727714748784441, 0.03712980698393988, 0.03713527851458886, 0.03727165586328816], "avg Prec": 0.037175648584915205, "std Prec": 6.530297048741624e-05, "fold Spec": [0.0, 0.0, 0.0, 0.0, 0.0, 0.0, 0.0, 0.0, 0.0, 0.0], "avg Spec": 0.0, "std Spec": 0.0, "fold Npv": [NaN, NaN, NaN, NaN, NaN, NaN, NaN, NaN, NaN, NaN], "avg Npv": NaN, "std Npv": NaN, "fold F1sc": [0.07161125319693094, 0.07161125319693094, 0.07160107969882085, 0.071875, 0.07160107969882085, 0.07161125319693094, 0.071875, 0.07160107969882085, 0.07161125319693094, 0.07186479193296406], "avg F1sc": 0.07168630438171503, "std F1sc": 0.00012140442320771906, "fold AUROC": [0.46681096681096684, 0.4985721816529898, 0.464701363840614, 0.49573952484480693, 0.4336254113989385, 0.4965485786192857, 0.480536893670203, 0.46063989992834675, 0.4792911680537943, 0.49140444732075084], "avg AUROC": 0.47678704361406954, "std AUROC": 0.019564125496339946, "confusion matrix": [[[[0, 58810], [0, 2271]], [[0, 6534], [0, 252]]], [[[0, 58810], [0, 2271]], [[0, 6534], [0, 252]]], [[[0, 58809], [0, 2271]], [[0, 6535], [0, 252]]], [[[0, 58810], [0, 2270]], [[0, 6534], [0, 253]]], [[[0, 58809], [0, 2271]], [[0, 6535], [0, 252]]], [[[0, 58810], [0, 2271]], [[0, 6534], [0, 252]]], [[[0, 58810], [0, 2270]], [[0, 6534], [0, 253]]], [[[0, 58809], [0, 2271]], [[0, 6535], [0, 252]]], [[[0, 58810], [0, 2271]], [[0, 6534], [0, 252]]], [[[0, 58809], [0, 2270]], [[0, 6535], [0, 253]]]], "input": "data/RBP_eclip/mRNA/train/mRNA230719___has_RBPeclip___Kmer_k3__DACC_lag2__SC-PseDNC-General_all_index.npy", "label": "data/RBP_eclip/mRNA/train/mRNA230719___AGGF1.npy", "method": "svm", "normalize": false, "fold": 10, "performance_value": "my_perf_val", "num_evals": 512, "pmap": 8, "timeout": 300}