{"classifier": "SVC", "kernel": "linear", "C": -1.34765625, "gamma": null, "degree": null, "coef0": null, "nu": 0.5, "max_iter": 1000, "log": true, "fold Accy": [0.009431181844974948, 0.009431181844974948, 0.009577132753794017, 0.009429792249889494, 0.009577132753794017, 0.009431181844974948, 0.009429792249889494, 0.009577132753794017, 0.009431181844974948, 0.009575721862109605], "avg Accy": 0.009489143200317043, "std Accy": 7.155801473399043e-05, "fold Recall": [1.0, 1.0, 1.0, 1.0, 1.0, 1.0, 1.0, 1.0, 1.0, 1.0], "avg Recall": 1.0, "std Recall": 0.0, "fold Prec": [0.009431181844974948, 0.009431181844974948, 0.009577132753794017, 0.009429792249889494, 0.009577132753794017, 0.009431181844974948, 0.009429792249889494, 0.009577132753794017, 0.009431181844974948, 0.009575721862109605], "avg Prec": 0.009489143200317043, "std Prec": 7.155801473399043e-05, "fold Spec": [0.0, 0.0, 0.0, 0.0, 0.0, 0.0, 0.0, 0.0, 0.0, 0.0], "avg Spec": 0.0, "std Spec": 0.0, "fold Npv": [NaN, NaN, NaN, NaN, NaN, NaN, NaN, NaN, NaN, NaN], "avg Npv": NaN, "std Npv": NaN, "fold F1sc": [0.018686131386861312, 0.018686131386861312, 0.01897256275539988, 0.018683403882644865, 0.01897256275539988, 0.018686131386861312, 0.018683403882644865, 0.01897256275539988, 0.018686131386861312, 0.018969794250693128], "avg F1sc": 0.018799881582962773, "std F1sc": 0.00014043404658172737, "fold AUROC": [0.5413497656947337, 0.7136315456709312, 0.5450781589728331, 0.711972891566265, 0.6903760327741285, 0.608440568283249, 0.6679240108582478, 0.7293822809145629, 0.6905868789050879, 0.6771816611174042], "avg AUROC": 0.6575923794757443, "std AUROC": 0.0651866560636744, "confusion matrix": [[[[0, 60501], [0, 580]], [[0, 6722], [0, 64]]], [[[0, 60501], [0, 580]], [[0, 6722], [0, 64]]], [[[0, 60501], [0, 579]], [[0, 6722], [0, 65]]], [[[0, 60500], [0, 580]], [[0, 6723], [0, 64]]], [[[0, 60501], [0, 579]], [[0, 6722], [0, 65]]], [[[0, 60501], [0, 580]], [[0, 6722], [0, 64]]], [[[0, 60500], [0, 580]], [[0, 6723], [0, 64]]], [[[0, 60501], [0, 579]], [[0, 6722], [0, 65]]], [[[0, 60501], [0, 580]], [[0, 6722], [0, 64]]], [[[0, 60500], [0, 579]], [[0, 6723], [0, 65]]]], "input": "data/RBP_eclip/mRNA/train/mRNA230719___has_RBPeclip___Kmer_k3__DACC_lag2__SC-PseDNC-General_all_index.npy", "label": "data/RBP_eclip/mRNA/train/mRNA230719___CPEB4.npy", "method": "svm", "normalize": false, "fold": 10, "performance_value": "my_perf_val", "num_evals": 512, "pmap": 8, "timeout": 300}